"LAND_STANDARD_GEAR_NAME","emmean","SE","df","asymp.LCL","asymp.UCL","group","n_fish","n_distinct_ID"
"STOP SEINES",3.26510780730943,0.147912964111362,Inf,2.97520372480459,3.55501188981426," 1",4,1
"BY HAND; DIVING GEAR",3.2697349878666,0.117391281234648,Inf,3.03965230454768,3.49981767118553," 1",49,3
"POTS AND TRAPS; FISH",3.29684290227365,0.0790215673704352,Inf,3.14196347622569,3.45172232832161," 1",19,4
"SPEARS; DIVING",3.32773464453115,0.0230348691411852,Inf,3.28258713062583,3.37288215843646," 1",1007,65
